{
  "accuracy": [
    0.5
  ],
  "loss": [
    0.21831606328487396
  ],
  "precision": [
    0.5
  ],
  "recall": [
    0.5
  ],
  "val_accuracy": [
    0.5
  ],
  "val_loss": [
    0.04332222044467926
  ],
  "val_precision": [
    0.5
  ],
  "val_recall": [
    0.5
  ],
  "learning_rate": [
    0.0010000000474974513
  ]
}