{
  "stage_3": {
    "loss": [
      0.9002252569689293,
      0.8038404036639571,
      0.7017664431905302,
      0.6292519387077163,
      0.5528727149041814,
      0.5058570846340316,
      0.43146979120174,
      0.38061902929142016,
      0.3415949125545525,
      0.3100607348140525,
      0.27178571997436607,
      0.23646146069996468,
      0.20927069748253202,
      0.18707073050201556,
      0.17414347309878397,
      0.1427644006990249,
      0.13015374090387336,
      0.11368883104631335,
      0.10896845974481963,
      0.09713149645137605,
      0.08587245901792623,
      0.0683465690834394,
      0.07153395409290039,
      0.05829777729479989,
      0.044914954340495646,
      0.051190492447482486,
      0.037896705366051754,
      0.03610002958572248,
      0.02943875249839161,
      0.02461552834877201,
      0.02896409349406987,
      0.023144661429867618,
      0.02072285114694237,
      0.019652117275812182,
      0.018892097728299966,
      0.011104358224140484,
      0.014125394760139551,
      0.01,
      0.01,
      0.01,
      0.01,
      0.01,
      0.01,
      0.01,
      0.010749461797987105,
      0.01,
      0.01,
      0.010488994959110771,
      0.013716673720834762,
      0.01,
      0.01,
      0.01,
      0.01,
      0.01,
      0.01,
      0.01,
      0.01,
      0.01,
      0.01,
      0.01,
      0.01,
      0.01,
      0.01,
      0.01,
      0.01,
      0.01,
      0.01,
      0.01,
      0.01,
      0.01,
      0.01,
      0.01,
      0.01,
      0.01,
      0.01,
      0.01,
      0.01,
      0.01,
      0.01,
      0.01,
      0.01,
      0.01,
      0.01,
      0.01,
      0.01,
      0.01,
      0.01,
      0.01,
      0.01,
      0.01,
      0.01,
      0.01,
      0.01,
      0.01,
      0.01,
      0.01,
      0.01,
      0.01,
      0.01,
      0.01
    ],
    "accuracy": [
      0.5498873715155354,
      0.5980797981680215,
      0.6491167784047349,
      0.6853740306461418,
      0.7235636425479093,
      0.7470714576829842,
      0.78426510439913,
      0.8096904853542899,
      0.8292025437227237,
      0.8449696325929738,
      0.864107140012817,
      0.8817692696500177,
      0.895364651258734,
      0.9064646347489922,
      0.912928263450608,
      0.9286177996504875,
      0.9349231295480633,
      0.9431555844768433,
      0.9455157701275901,
      0.951434251774312,
      0.9570637704910369,
      0.9658267154582802,
      0.9642330229535498,
      0.9708511113526,
      0.9775425228297522,
      0.9744047537762588,
      0.9810516473169741,
      0.9819499852071387,
      0.9852806237508042,
      0.9876922358256139,
      0.9855179532529651,
      0.9884276692850662,
      0.9896385744265288,
      0.99,
      0.99,
      0.99,
      0.99,
      0.99,
      0.99,
      0.99,
      0.99,
      0.99,
      0.99,
      0.99,
      0.99,
      0.99,
      0.99,
      0.99,
      0.99,
      0.99,
      0.99,
      0.99,
      0.99,
      0.99,
      0.99,
      0.99,
      0.99,
      0.99,
      0.99,
      0.99,
      0.99,
      0.99,
      0.99,
      0.99,
      0.99,
      0.99,
      0.99,
      0.99,
      0.99,
      0.99,
      0.99,
      0.99,
      0.99,
      0.99,
      0.99,
      0.99,
      0.99,
      0.99,
      0.99,
      0.99,
      0.99,
      0.99,
      0.99,
      0.99,
      0.99,
      0.99,
      0.99,
      0.99,
      0.99,
      0.99,
      0.99,
      0.99,
      0.99,
      0.99,
      0.99,
      0.99,
      0.99,
      0.99,
      0.99,
      0.99
    ]
  },
  "stage_4": {
    "loss": [
      0.9515758984273605,
      0.8621829094621738,
      0.7763052334300644,
      0.7069591728718536,
      0.6424985419715774,
      0.5798084725377558,
      0.5261670018881501,
      0.47584056549004206,
      0.4301140092242861,
      0.3812144523590325,
      0.3550811554886316,
      0.30336519143776275,
      0.28393995199345995,
      0.2572478963010627,
      0.23471612540436806,
      0.21562022729500452,
      0.19624066781957736,
      0.177207430936853,
      0.15393266979226164,
      0.14159773068706916,
      0.12744515897102757,
      0.11737482701426682,
      0.09844213197760956,
      0.0952753121741259,
      0.08824465015981901,
      0.06716416835547909,
      0.07244511508242582,
      0.052589385004711636,
      0.05913207626576062,
      0.05160402198013786,
      0.04386133645983145,
      0.04941201188759018,
      0.04178080645448903,
      0.028101150558663572,
      0.024344493222443322,
      0.022488084771540594,
      0.0285679918913827,
      0.020368025916330985,
      0.023657633967315187,
      0.01807065567242749,
      0.012717543475265623,
      0.020045247892092354,
      0.01,
      0.01,
      0.013447098219524865,
      0.01622241472105512,
      0.01,
      0.01,
      0.0163469466694251,
      0.01,
      0.01,
      0.01,
      0.01,
      0.01,
      0.01,
      0.01,
      0.01,
      0.01,
      0.01,
      0.01,
      0.01,
      0.01,
      0.01,
      0.010471924570852414,
      0.01,
      0.01,
      0.01,
      0.01,
      0.01,
      0.01,
      0.01,
      0.01,
      0.01,
      0.01,
      0.01,
      0.01,
      0.01,
      0.01,
      0.01,
      0.01,
      0.01,
      0.01,
      0.01,
      0.01,
      0.01,
      0.01,
      0.01,
      0.01,
      0.01,
      0.01,
      0.01,
      0.01,
      0.01,
      0.01,
      0.01,
      0.01,
      0.01,
      0.01,
      0.01,
      0.01
    ],
    "accuracy": [
      0.5242120507863197,
      0.5689085452689131,
      0.6118473832849678,
      0.6465204135640732,
      0.6787507290142113,
      0.710095763731122,
      0.7369164990559249,
      0.7620797172549789,
      0.784942995387857,
      0.8093927738204838,
      0.8224594222556842,
      0.8483174042811186,
      0.85803002400327,
      0.8713760518494686,
      0.8826419372978159,
      0.8921898863524977,
      0.9018796660902113,
      0.9113962845315735,
      0.9230336651038692,
      0.9292011346564655,
      0.9362774205144863,
      0.9413125864928666,
      0.9507789340111952,
      0.9523623439129371,
      0.9558776749200905,
      0.9664179158222604,
      0.963777442458787,
      0.9737053074976442,
      0.9704339618671197,
      0.974197989009931,
      0.9780693317700843,
      0.9752939940562049,
      0.9791095967727554,
      0.9859494247206683,
      0.9878277533887784,
      0.9887559576142297,
      0.9857160040543087,
      0.9898159870418345,
      0.9881711830163424,
      0.99,
      0.99,
      0.9899773760539539,
      0.99,
      0.99,
      0.99,
      0.99,
      0.99,
      0.99,
      0.99,
      0.99,
      0.99,
      0.99,
      0.99,
      0.99,
      0.99,
      0.99,
      0.99,
      0.99,
      0.99,
      0.99,
      0.99,
      0.99,
      0.99,
      0.99,
      0.99,
      0.99,
      0.99,
      0.99,
      0.99,
      0.99,
      0.99,
      0.99,
      0.99,
      0.99,
      0.99,
      0.99,
      0.99,
      0.99,
      0.99,
      0.99,
      0.99,
      0.99,
      0.99,
      0.99,
      0.99,
      0.99,
      0.99,
      0.99,
      0.99,
      0.99,
      0.99,
      0.99,
      0.99,
      0.99,
      0.99,
      0.99,
      0.99,
      0.99,
      0.99,
      0.99
    ]
  }
}